{
  "weights": {
    "etl pipeline": 1.200290986389046,
    "basic python": 1.006134971948089,
    "etl tool": 1.006134971948089,
    "text sql": 1.006134971948089,
    "excel file": 0.8519842921208304,
    "language model": 0.8519842921208304,
    "mid level": 0.6696627353268759,
    "table view": 0.6696627353268759,
    "new tool": 0.6696627353268759,
    "microsoft fabric": 0.6696627353268759,
    "python script": 0.6006698638399248,
    "open source": 0.49530934818209815,
    "full stack": 0.44651918401266627,
    "please share": 0.44651918401266627,
    "main thing": 0.44651918401266627,
    "snowflake databricks": 0.4465191840126661,
    "end end": 0.39522588962511546,
    "schema evolution": 0.31298779138814375,
    "google sheet": 0.3129877913881436,
    "small company": 0.3129877913881436,
    "parquet file": 0.3129877913881436,
    "current company": 0.3129877913881436,
    "python sql": 0.31298779138814353,
    "sql server": 0.2840002545148911,
    "window function": 0.2641976272187119,
    "best way": 0.1588371115608854,
    "tech stack": 0.15883711156088529,
    "next step": 0.15883711156088529,
    "good idea": 0.15883711156088515,
    "sql tool": 0.1588371115608851,
    "python code": 0.1588371115608851,
    "apache iceberg": 0.1588371115608851,
    "sql query": 0.10167869772093652,
    "python panda": 0.04105407590450183,
    "sql python": 0.04105407590450183,
    "data pipeline": 0.75,
    "statistics knowledge": 0.75,
    "machine learning": 0.75,
    "python programming": 0.75,
    "sql skills": 0.75,
    "technical skills": 0.75,
    "cloud experience": 0.75,
    "data modeling": 0.75
  }
}