{
  "weights": {
    "term goal": 1.6329223576671699,
    "online course": 1.6329223576671696,
    "bronze layer": 1.6329223576671696,
    "hey folk": 1.3452402852153889,
    "client dashboard": 1.3452402852153889,
    "big part": 1.3452402852153886,
    "information system": 1.3452402852153884,
    "real business": 1.2762474137284372,
    "thank advance": 1.2274572495590057,
    "feedback community": 1.2274572495590053,
    "business problem": 1.122096733901179,
    "business intelligence": 1.122096733901179,
    "new company": 0.9397751771072246,
    "appreciated thanks": 0.9397751771072246,
    "visual design": 0.9397751771072246,
    "large company": 0.9397751771072245,
    "technical skill": 0.9397751771072245,
    "mock interview": 0.9397751771072245,
    "hiring manager": 0.9397751771072245,
    "actually matter": 0.9397751771072244,
    "source truth": 0.9397751771072244,
    "pretty much": 0.9397751771072242,
    "back forth": 0.9397751771072241,
    "power query": 0.806243784482702,
    "natural language": 0.7856244972799657,
    "non technical": 0.7574536203132699,
    "product manager": 0.7574536203132699,
    "real problem": 0.7574536203132699,
    "similar situation": 0.7166316257930148,
    "general advice": 0.7166316257930148,
    "big company": 0.7166316257930145,
    "sanity check": 0.7166316257930145,
    "real value": 0.7166316257930145,
    "honest feedback": 0.7166316257930143,
    "high level": 0.6884607488263184,
    "case study": 0.6884607488263184,
    "long term": 0.671511190512545,
    "hear people": 0.6520931046554435,
    "book recommendation": 0.6520931046554435,
    "tech company": 0.6520931046554432,
    "last month": 0.6520931046554432,
    "hard way": 0.6520931046554432,
    "new feature": 0.6520931046554432,
    "python power": 0.6033029404860115,
    "advice people": 0.6033029404860115,
    "sql excel": 0.5343100689990603,
    "query power": 0.5343100689990603,
    "big tech": 0.5343100689990602,
    "fairly large": 0.5343100689990602,
    "hear others": 0.5343100689990602,
    "advance advice": 0.5343100689990602,
    "actually useful": 0.5343100689990602,
    "good resource": 0.5343100689990602,
    "free online": 0.53431006899906,
    "dbt core": 0.53431006899906,
    "real world": 0.48779005336416736,
    "entry level": 0.4472986920094301,
    "pain point": 0.42894955334123375,
    "saas product": 0.42894955334123375,
    "medallion architecture": 0.42894955334123364,
    "real life": 0.42894955334123364,
    "day day": 0.4289495533412334,
    "third party": 0.4289495533412334,
    "system design": 0.3801593891718018,
    "power sql": 0.3801593891718016,
    "google cloud": 0.3801593891718016,
    "excel power": 0.3801593891718016,
    "curious others": 0.3519885122051053,
    "write query": 0.2466279965472793,
    "next month": 0.2466279965472793,
    "csv file": 0.2466279965472793,
    "power tableau": 0.2466279965472793,
    "scikit learn": 0.2466279965472793,
    "appreciate advice": 0.24662799654727907,
    "resource book": 0.24662799654727907,
    "pro con": 0.24662799654727907,
    "software engineer": 0.24662799654727902,
    "early stage": 0.246627996547279,
    "last week": 0.246627996547279,
    "thanks advance": 0.24662799654727896,
    "silver gold": 0.24662799654727885,
    "sql power": 0.24662799654727885,
    "best practice": 0.1776351250603277,
    "edge case": 0.1288449608908957,
    "better way": 0.0924773167200208,
    "hey everyone": 0.06430643975332445,
    "business understanding": 0.75,
    "stakeholder management": 0.75,
    "communication skills": 0.75,
    "teamwork experience": 0.75,
    "collaboration skills": 0.75,
    "leadership ability": 0.75
  }
}