{
  "method": "turney_pmi_pos_phrases",
  "weights": {
    "etl tool": 0.9611822556279298,
    "text sql": 0.9611822556279298,
    "basic python": 0.9611822556279298,
    "data warehouse": 0.9611822556279298,
    "side project": 0.9611822556279298,
    "language model": 0.9611822556279298,
    "data volume": 0.9611822556279298,
    "end data": 0.9611822556279298,
    "excel file": 0.9611822556279298,
    "company data": 0.9611822556279297,
    "financial data": 0.9611822556279296,
    "etl pipeline": 0.904023841787981,
    "long time": 0.8741708786383,
    "mid level": 0.7788606988339751,
    "database data": 0.7788606988339751,
    "batch job": 0.7788606988339751,
    "test data": 0.7788606988339751,
    "table view": 0.7788606988339751,
    "data structure": 0.7788606988339751,
    "please help": 0.7788606988339751,
    "new tool": 0.7788606988339751,
    "microsoft fabric": 0.7788606988339751,
    "useful data": 0.7788606988339751,
    "python script": 0.75,
    "data pipeline": 0.75,
    "sql query": 0.75,
    "query optimization": 0.75,
    "technical skills": 0.75,
    "feature engineering": 0.75,
    "database design": 0.75,
    "python programming": 0.75,
    "machine learning": 0.75,
    "dashboard development": 0.75,
    "sql skills": 0.75,
    "cloud experience": 0.75,
    "model deployment": 0.75,
    "statistics knowledge": 0.75,
    "engineer year": 0.6735001831761486,
    "data ingestion": 0.6735001831761486,
    "open source": 0.6045073116891972,
    "full stack": 0.5557171475197654,
    "small company": 0.5557171475197653,
    "final year": 0.5557171475197653,
    "end end": 0.5557171475197653,
    "snowflake databricks": 0.5557171475197653,
    "tool data": 0.5557171475197653,
    "main thing": 0.5557171475197653,
    "switch data": 0.5557171475197653,
    "junior role": 0.5557171475197653,
    "python sql": 0.422185754895243,
    "fundamental data": 0.42218575489524285,
    "sql question": 0.42218575489524285,
    "please share": 0.42218575489524274,
    "azure data": 0.42218575489524274,
    "google sheet": 0.4221857548952426,
    "data factory": 0.4221857548952426,
    "parquet file": 0.4221857548952426,
    "best way": 0.3733955907258109,
    "real project": 0.37339559072581086,
    "new job": 0.3733955907258108,
    "junior data": 0.3733955907258108,
    "window function": 0.3733955907258108,
    "data engineer": 0.3168252392374165,
    "spark job": 0.2680350750679845,
    "python code": 0.2680350750679845,
    "hand experience": 0.2680350750679845,
    "sql tool": 0.2680350750679845,
    "last year": 0.26803507506798446,
    "engineering internship": 0.26803507506798446,
    "google analytics": 0.2680350750679844,
    "last week": 0.2680350750679844,
    "company work": 0.2680350750679844,
    "gold layer": 0.26803507506798435,
    "schema evolution": 0.26803507506798435,
    "first data": 0.26803507506798435,
    "time series": 0.26803507506798435,
    "next step": 0.26803507506798435,
    "good idea": 0.2680350750679843,
    "career advice": 0.26803507506798424,
    "python panda": 0.15025203941160115,
    "software engineering": 0.15025203941160115,
    "new data": 0.15025203941160103,
    "real time": 0.12493423142731103,
    "company use": 0.0857135182740299,
    "jupyter notebook": 0.0857135182740299,
    "genuinely useful": 0.0857135182740299,
    "learn data": 0.0857135182740299,
    "statistical analysis": 0.0857135182740299,
    "bad idea": 0.08571351827402984,
    "everyone data": 0.08571351827402984,
    "hey guy": 0.08571351827402982,
    "share experience": 0.08571351827402968,
    "query data": 0.08571351827402962,
    "master data": 0.08571351827402961,
    "hello everyone": 0.08571351827402961,
    "sql server": 0.05672598140077734,
    "answer question": 0.04489152375377459,
    "hey everyone": 0.044891523753774365
  }
}