{
  "method": "turney_pmi_pos_phrases",
  "soft_scale_factor": 0.6195418636804697,
  "weights": {
    "business analytics": 1.5237243941600707,
    "data system": 1.5237243941600707,
    "data problem": 1.5237243941600707,
    "term goal": 1.5237243941600707,
    "career path": 1.5237243941600707,
    "analytics program": 1.5237243941600707,
    "analytics course": 1.5237243941600707,
    "work life": 1.5237243941600704,
    "online course": 1.5237243941600704,
    "first role": 1.5237243941600704,
    "data business": 1.390193001535548,
    "analyst business": 1.300580842845861,
    "information system": 1.2360423217082899,
    "client dashboard": 1.2360423217082894,
    "future data": 1.2360423217082894,
    "hey folk": 1.2360423217082894,
    "big part": 1.2360423217082894,
    "data governance": 1.1670494502213382,
    "real business": 1.167049450221338,
    "project management": 1.167049450221338,
    "thank advance": 1.1182592860519063,
    "agentic data": 1.1182592860519063,
    "feedback community": 1.118259286051906,
    "data management": 1.0929414780676159,
    "actual data": 1.0537207649143352,
    "much time": 1.0537207649143352,
    "business analyst": 1.0537207649143352,
    "data collection": 1.053720764914335,
    "current job": 1.0312479090622761,
    "business question": 1.0128987703940797,
    "business problem": 1.0128987703940797,
    "data extraction": 0.9847278934273835,
    "next year": 0.8305772136001254,
    "part time": 0.8305772136001254,
    "actually matter": 0.8305772136001254,
    "part job": 0.8305772136001254,
    "messy data": 0.8305772136001254,
    "early career": 0.8305772136001254,
    "back forth": 0.8305772136001254,
    "small team": 0.8305772136001253,
    "term career": 0.8305772136001253,
    "data entry": 0.8305772136001253,
    "large company": 0.8305772136001253,
    "mock interview": 0.8305772136001253,
    "change data": 0.8305772136001253,
    "source truth": 0.8305772136001253,
    "career prospect": 0.8305772136001253,
    "data architecture": 0.8305772136001253,
    "good resource": 0.8305772136001253,
    "hiring manager": 0.8305772136001253,
    "bronze layer": 0.8305772136001253,
    "technical skill": 0.8305772136001253,
    "data transformation": 0.8305772136001253,
    "good data": 0.8305772136001252,
    "advance advice": 0.8305772136001252,
    "world use": 0.8305772136001252,
    "new company": 0.8305772136001252,
    "curious anyone": 0.8305772136001252,
    "appreciated thanks": 0.8305772136001252,
    "visual design": 0.8305772136001252,
    "fairly large": 0.8305772136001252,
    "business intelligence": 0.830577213600125,
    "business data": 0.830577213600125,
    "full time": 0.830577213600125,
    "client communication": 0.75,
    "collaboration skills": 0.75,
    "business understanding": 0.75,
    "stakeholder management": 0.75,
    "communication skills": 0.75,
    "presentation skills": 0.75,
    "cross functional": 0.75,
    "strategic thinking": 0.75,
    "problem solving": 0.75,
    "teamwork experience": 0.75,
    "leadership ability": 0.75,
    "need advice": 0.7127941779437417,
    "power query": 0.6970458209756025,
    "high level": 0.6970458209756025,
    "analysis skill": 0.676426533772867,
    "natural language": 0.676426533772867,
    "move data": 0.676426533772867,
    "raw data": 0.6764265337728668,
    "real problem": 0.6482556568061709,
    "senior analyst": 0.6482556568061709,
    "product manager": 0.6482556568061708,
    "non technical": 0.6482556568061708,
    "someone experience": 0.6482556568061706,
    "long term": 0.6364211991591677,
    "real world": 0.6192681199329181,
    "really good": 0.6074336622859157,
    "hear others": 0.6074336622859157,
    "medallion architecture": 0.6074336622859157,
    "degree data": 0.6074336622859156,
    "similar situation": 0.6074336622859156,
    "general advice": 0.6074336622859156,
    "honest feedback": 0.6074336622859154,
    "first year": 0.6074336622859154,
    "big company": 0.6074336622859153,
    "internship experience": 0.6074336622859153,
    "real value": 0.6074336622859153,
    "sanity check": 0.6074336622859153,
    "case study": 0.5792627853192192,
    "new feature": 0.5428951411483445,
    "hard way": 0.5428951411483445,
    "third party": 0.5428951411483445,
    "pretty much": 0.5428951411483443,
    "hear people": 0.5428951411483443,
    "core data": 0.5428951411483443,
    "current role": 0.5428951411483443,
    "job post": 0.5428951411483443,
    "book recommendation": 0.5428951411483443,
    "data visualization": 0.5121234824815906,
    "advice people": 0.49410497697891254,
    "big data": 0.4941049769789124,
    "computer science": 0.49410497697891237,
    "python power": 0.4941049769789123,
    "power sql": 0.4941049769789123,
    "engineer role": 0.42511210549196116,
    "use case": 0.425112105491961,
    "career growth": 0.42511210549196093,
    "free online": 0.42511210549196093,
    "dbt core": 0.42511210549196093,
    "experience field": 0.42511210549196093,
    "exploratory data": 0.42511210549196093,
    "google cloud": 0.4251121054919609,
    "query power": 0.4251121054919609,
    "sql excel": 0.4251121054919609,
    "world experience": 0.4251121054919609,
    "system design": 0.4251121054919608,
    "entry level": 0.4251121054919608,
    "actually useful": 0.4251121054919608
  }
}